column_index,GSSMain_2005,GSSMain_2015,GSSMain_2022
0,MSS_Q140,PUMFID,PUMFID
1,MSS_Q115,WGHT_PER,WGHT_PER
2,MSS_Q110,SURVMNTH,SURVMNTH
3,ACT7DAYS,AGEGR10,EQFLAG
4,ACT7DAYS_PR,SEX,PRV
5,ACTLIMIT,MARSTAT,LUC_RST
6,ACV_Q100,PHSDFLG,REGION
7,ACV_Q105,AGEPRGRD,HSDSIZEC
8,ACV_Q110,SEXPR,AGEGR10
9,ACV_Q120,PRTYPEC,GENDER2
10,ACV_Q130,CXRFLAG,MARSTAT
11,ACV_Q140_C01,AGECXRYG,PHSDFLG
12,ACV_Q140_C02,AGEHSDYC,AGEPRC
13,ACV_Q140_C03,CHINHSDC,GENPR2
14,ACV_Q140_C04,CXR0014C,COUPGEN2
15,ACV_Q140_C05,CXRTIME6,CHH0017C
16,ACV_Q140_C06,CHH0014C,CHH0004C
17,ACV_Q140_C07,PARNUM,CHH0514C
18,WKWEPR,LIVARR08,CHH1517C
19,ADMIN,LIVARR11,CXRFLAG
20,WKLTWE,HSDSIZEC,PARNUM
21,VRR_Q120,HSDELIGC,SENFLAG
22,VRR_Q110,MULTIGEN,MULTIGEN
23,VCG_Q340,PRV,DDEV_FL
24,VCG_Q310,LUC_RST,DDEX_FL
25,VCG_Q300,GTU_110,DFLEX_FL
26,TRT_Q400,GTU_130,DHEAR_FL
27,TRT_Q390,DVTDAY,DLRN_FL
28,TRT_Q330,DUR01,DMEM_FL
29,MEMBER,DUR02,DMENT_FL
30,TRT_Q310,DUR03,DMOB_FL
31,TRT_Q110,DUR04,DPAIN_FL
32,marstat,DUR05,DUNK_FL
33,MAR_Q520_C08,DUR06,DVIS_FL
34,TCS_Q200,DUR07,DDIS_FL
35,MAR_Q520_C07,DUR08,DTYPER
36,MAR_Q520_C06,DUR09,DCLASS
37,MAR_Q520_C05,DUR10,TCS_110
38,TCS_Q190,DUR11,TCS_120
39,MAR_Q520_C04,DUR12,TCS_130
40,MAR_Q520_C03,DUR13,TCS_140
41,MAR_Q520_C02,DUR14,TCS_150
42,MAR_Q520_C01,DUR15,TCS_160
43,MAR_Q510,DUR16,TCS_170
44,TCS_Q180,DUR17,TCS_180
45,MAR_Q440,DUR18,TCS_190
46,MAR_Q420,DUR19,TCS_200
47,MAR_Q385_C09,DUR20,TIMECR
48,MAR_Q385_C08,DUR21,UH_01
49,TCS_Q170,DUR22,UH_02
50,TCS_Q160,DUR23,UH_03
51,TCS_Q150,DUR24,UH_04
52,TCS_Q140,DUR25,UH_05
53,BRTHCAN,DUR26,UH_06
54,BRTHFCAN,DUR27,CHLD_01C
55,MAR_Q385_C07,DUR28,CHLD_02C
56,BRTHFREGC,DUR29,CHLD_03C
57,BRTHMCAN,DUR30,CHLD_04C
58,MAR_Q385_C06,DUR31,CHLD_05C
59,BRTHMREGC,DUR32,CHLD_06C
60,MAR_Q385_C05,DUR33,CHLD_07C
61,MAR_Q385_C04,DUR34,CHLD_08C
62,MAR_Q385_C03,DUR35,LSM_01
63,BRTHREGC,DUR36,GEN_01
64,MAR_Q385_C02,DUR37,GEN_02
65,MAR_Q385_C01,DUR38,SRS_10
66,PARHSDC,DUR39,MSS_130
67,PRTYPEC,DUR40,ACT7DAYC
68,TCS_Q130,DUR41,MRW_05C
69,TCS_Q120,DUR42,MRW_D40A
70,TCS_Q110,DUR43,MRW_D40B
71,MAR_Q381,DUR44,WET_120
72,SPECTAT,DUR45,WHW_110
73,SPA_SP_OTHERS,DUR46,WHW_230
74,PTR_Q110,DUR47,WHWD140G
75,SPA_SP89_C,DUR48,TLWK_01A
76,SPA_SP87,DUR49,TLWK_01B
77,SPA_SP86,DUR50,TLWK_01C
78,SPA_SP85_C,DUR51,TLWK_01D
79,SPA_SP84_C,DUR52,TLWK_02G
80,CDI_Q110,DUR53,TLWK_03
81,CDI_Q120,DUR54,TLWK_04
82,SPA_SP78,DUR55,TLWK_05
83,SPA_SP77_C,DUR56,TLWK_06
84,SPA_SP74,DUR57,TLWK_07
85,SPA_SP73_C,DUR58,TLWK_08
86,SPA_SP71,DUR59,TLWK_09
87,SPA_SP65,DUR60,WLYD170G
88,SPA_SP64_C,DUR61,NAIC22CY
89,SPA_SP62_C,DUR62,NOCLBR_Y
90,SPA_SP57,DUR63,WFS_10
91,SPA_SP55_C,DUR95,SRC_10
92,SPA_SP52,DURS200,SRC_20A
93,SPA_SP51_C,DURS201,SRC_20B
94,SPA_SP48,DURS202,SRC_20C
95,SPA_SP47_C,DURS203,SRC20EGR
96,SPA_SP46_C,DURS204,SRC_20F
97,SPA_SP44_C,DURS205,SRC20HGR
98,SPA_SP42,DURS206,WLB_10
99,SPA_SP41_C,DURS207,WLB_20
100,SPA_SP39_C,DURS208,HRH_10A
101,CHRFLAG,DURS209,HRH_10B
102,SPA_SP37_C,DURS999,HRH_10C
103,CHRTIME6,DURL300,HRH_10D
104,COACH,DURL301,HRH_10E
105,SPA_SP36_C,DURL302,HRH_10F
106,MAR_Q365,DURL303,ATT_120
107,MAR_Q364,DURL304,ATT_130
108,MAR_Q350,DURL305,ATT_131
109,MAR_Q190,DURL306,ATT_140A
110,PTR_Q130,DURL307,ATT_140B
111,SPA_SP35,DURL308,ATT_140C
112,SPA_SP34,DURL309,ATT_140D
113,SPA_SP33_C,DURL310,ATT_140E
114,DLR_Q110,DURL311,ATT_150C
115,DLR_Q115,DURL312,ATT_160
116,DLR_Q120,DURL313,ATT_170
117,MAR_Q173,DURL314,ATT_180A
118,DLR_Q150_C01,DURL315,ATT_180B
119,DLR_Q150_C02,DURL316,ATT_180C
120,DLR_Q150_C03,DURL317,ATT_180D
121,DLR_Q150_C04,DURL318,ATT_180E
122,DLR_Q150_C05,DURL319,ATT_180F
123,DLR_Q150_C06,DURL320,ATT_180G
124,DLR_Q150_C07,DURL321,ATT_180I
125,DLR_Q150_C08,DURL999,ATT_180J
126,DOR_Q210,SLEEPDUR,CTW_140A
127,DOR_Q215,PERSDUR,CTW_140B
128,DOR_Q216,PDWKDUR,CTW_140C
129,DOR_Q222,LKWKDUR,CTW_140D
130,DOR_Q227,SCHLDUR,CTW_140E
131,DOR_Q228,HSWKDUR,CTW140GR
132,DOR_Q229,CHLDDUR,CTW_140I
133,SPA_SP31_C,ADLTDUR,CTW_150G
134,SPA_SP29,OHHLDUR,CTW_160
135,SPA_SP25_C,SHOPDUR,CTW_170
136,SPA_SP24_C,CIVICDUR,CTW_180
137,SPA_SP23_C,EVENTDUR,CTW_190
138,SPA_SP21_C,SPRTSDUR,CTW_210
139,SPA_SP20,ACTLDUR,CTW_215
140,SPA_SP16,SOCPRDUR,ED_05
141,SPA_SP15,SOCTCDUR,EDC_10
142,SPA_SP14,TVDUR,MAP_110C
143,SPA_SP12_C,READDUR,MAP_D40A
144,SPA_SP10_C,OTHLDUR,DOR_110C
145,SPA_SP08_C,TRANSDUR,IM_01A
146,SPA_SP07_C,BREAKDUR,YRARRI_C
147,SPA_SP04,MEALSDUR,BPP_01A
148,SPA_SP03,OTHERDUR,BPR_20
149,SPA_SP02,UNCODUR,ABM_01A
150,SPA_SP01_C,TOTEPISO,AIP_01A
151,SPA_Q840,EPI01,VISMINFL
152,SPA_Q830,EPI02,VISPRFL
153,SPA_Q820,EPI03,REL_02
154,SPA_Q810,EPI04,REL_03
155,SPA_Q800,EPI05,RELIGFLG
156,MAR_Q172B,EPI06,LAN_01
157,MAR_Q172,EPI07,LANCHC
158,PTR_Q135,EPI08,LANHSDC
159,PTR_Q136,EPI09,INC_C
160,SPA_Q740_Q840,EPI10,FAMINC_C
161,PTR_Q141,EPI11,GTU_110
162,MAR_Q136,EPI12,GTU_130
163,MAR_Q135,EPI13,UOT_01
164,MAR_Q134,EPI14,DDAY
165,SPA_Q730_Q830,EPI15,DVTDAY
166,MAR_Q133,EPI16,DIARYREC
167,PTR_Q142,EPI17,DUR101
168,PTR_Q143,EPI18,DUR102
169,SPA_Q720_Q820,EPI19,DUR103
170,PTR_Q144,EPI20,DUR104
171,PTR_Q145,EPI21,DUR109
172,PTR_Q146_1,EPI22,DUR126
173,MAP_Q220,EPI23,DUR127
174,SPA_Q710_Q810,EPI24,DUR128
175,PTR_Q146_2,EPI25,DUR129
176,MAP_Q210,EPI26,DUR130
177,PTR_Q146_3,EPI27,DUR151
178,PTR_Q150,EPI28,DUR152
179,SPA_Q610_Q800,EPI29,DUR153
180,PTR_Q155,EPI30,DUR154
181,PTR_Q156,EPI31,DUR159
182,MAP_Q170,EPI32,DUR199
183,MAP_Q160,EPI33,DUR201
184,SPA_Q510,EPI34,DUR202
185,SPA_Q410_C12,EPI35,DUR203
186,SPA_Q410_C11,EPI36,DUR204
187,SPA_Q410_C10,EPI37,DUR205
188,SPA_Q410_C09,EPI38,DUR206
189,SPA_Q410_C08,EPI39,DUR207
190,SPA_Q410_C07,EPI40,DUR208
191,SPA_Q410_C06,EPI41,DUR209
192,SPA_Q410_C05,EPI42,DUR231
193,SPA_Q410_C04,EPI43,DUR232
194,SPA_Q410_C03,EPI44,DUR233
195,SPA_Q410_C02,EPI45,DUR234
196,SPA_Q410_C01,EPI46,DUR235
197,SPA_Q350,EPI47,DUR236
198,SPA_Q340,EPI48,DUR237
199,SPA_Q330,EPI49,DUR238
200,SPA_Q320,EPI50,DUR239
201,SPA_Q310,EPI51,DUR240
202,SPA_Q270,EPI52,DUR241
203,SPA_Q200,EPI53,DUR261
204,SPA_Q100,EPI54,DUR262
205,PTR_Q161,EPI55,DUR263
206,MAP_Q120,EPI56,DUR264
207,PTR_Q162,EPI57,DUR269
208,LUC_RST,EPI58,DUR299
209,LS_Q330,EPI59,DUR301
210,LS_Q320,EPI60,DUR302
211,LS_Q310,EPI61,DUR303
212,SFR_SP_OTHERS,EPI62,DUR304
213,SFR_SP89,EPI63,DUR305
214,SFR_SP87,EPI95,DUR306
215,SFR_SP86,TUT_970,DUR307
216,SFR_SP85,SLEEP1S,DUR351
217,SFR_SP84,SLEEP1D,DUR352
218,SFR_SP78,TCS_110,DUR353
219,SFR_SP77,TCS_120,DUR359
220,SFR_SP74,TCS_130,DUR399
221,SFR_SP73,TCS_140,DUR401
222,SFR_SP71,TCS_150,DUR402
223,SFR_SP65,TCS_160,DUR403
224,SFR_SP64,TCS_170,DUR404
225,SFR_SP62,TCS_180,DUR405
226,SFR_SP57,TCS_190,DUR406
227,SFR_SP55,TCS_200,DUR407
228,SFR_SP52,TIMECR,DUR408
229,SFR_SP51,TIMENS,DUR409
230,SFR_SP48,TST_01,DUR410
231,SFR_SP47,UH_01,DUR411
232,SFR_SP46,UH_02,DUR412
233,SFR_SP44,UH_03,DUR413
234,SFR_SP42,UH_04,DUR414
235,SFR_SP41,UH_05,DUR415
236,SFR_SP39,UH_06,DUR416
237,SFR_SP37,SLM_01,DUR499
238,SFR_SP36,SRH_110,DUR501
239,SFR_SP35,SRH_115,DUR502
240,SFR_SP34,DVIS_FL,DUR503
241,SFR_SP33,DHEA_FL,DUR504
242,SFR_SP31,DCOG_FL,DUR505
243,SFR_SP29,DMEN_FL,DUR506
244,SFR_SP25,DPHY_FL,DUR599
245,SFR_SP24,DUNK_FL,DUR601
246,SFR_SP23,DDIS_FL,DUR602
247,SFR_SP21,SRS_10,DUR603
248,SFR_SP20,MSS_130,DUR604
249,SFR_SP16,MRW_05,DUR699
250,SFR_SP15,ACT7DAYS,DUR701
251,SFR_SP14,MRW_20,DUR702
252,SFR_SP12,MRW_30,DUR799
253,SFR_SP10,MRW_40,DUR801
254,SFR_SP08,MRW_D40A,DUR802
255,SFR_SP07,MRW_D40B,DUR803
256,SFR_SP04,REW_10,DUR804
257,SFR_SP03,AGELSWKC,DUR805
258,SFR_SP02,WET_110,DUR806
259,sexpr,WET_171,DUR807
260,sex,RBI_10,DUR808
261,SEN_SP_OTHERS,RBI_20,DUR899
262,SEN_SP89,WTI_130,DUR901
263,SEN_SP87,NOC1110Y,DUR902
264,SEN_SP86,NAIC12CY,DUR903
265,SEN_SP85,WLY_145,DUR999
266,SEN_SP84,WLY_150,DUR1001
267,DVTDAY,WLY_160,DUR1002
268,SEN_SP78,WLY_170C,DUR1004
269,DWELC,NOC1110W,DUR1005
270,DWELLOWN,NAIC12CW,DUR1099
271,EDU5,WHW_110,DUR1101
272,EDUF5,WHW_120C,DUR1102
273,EDUM5,WHW_130C,DUR1103
274,EDUPR5,WHW_140C,DUR1104
275,EDUSTAT,WHWD140C,DUR1105
276,ENJ_Q110,WHW_D141,DUR1106
277,ENJ_Q120,WHW_160A,DUR1199
278,ENJ_Q130,WHW_160B,DUR1201
279,ENJ_Q140,WHW_160C,DUR1202
280,ENJ_Q150,WHW_160D,DUR1203
281,ENJ_Q160,WHW_160E,DUR1204
282,ENJ_Q170,WHW_160F,DUR1299
283,ENJ_Q180,WHW_160G,DUR1301
284,ENJ_Q190,WHW_160H,DUR1302
285,ENJ_Q200,WHW_160I,DUR1303
286,ENJ_Q210,WHW_210,DUR1304
287,ENJ_Q220,WHW_230,DUR9999
288,ENJ_Q230,WFS_10,DURS01
289,ENJ_Q240,SRC_10,DURS02
290,ENJ_Q250,SRC_20A,DURS03
291,SEN_SP77,SRC_20B,DURS04
292,LIVE_NEIGH,SRC_20C,DURS05
293,LIVE_LOCAL,SRC_20D,DURS06
294,LFSGSS,SRC_20E,DURS07
295,LCA_Q455,SRC_20F,DURS08
296,LCA_Q450,SRC_20G,DURS09
297,LCA_Q445,SRC_20H,DURS10
298,SEN_SP74,WLB_10,DURS99
299,MULTIGEN,WLB_20,DURL3300
300,LCA_Q440,HRH_10A,DURL3301
301,LCA_Q435,HRH_10B,DURL3302
302,LCA_Q430,HRH_10C,DURL3303
303,LCA_Q425,HRH_10D,DURL3304
304,EOR_Q110,HRH_10E,DURL3305
305,EOR_Q150,HRH_10F,DURL3306
306,LCA_Q420,ATT_120,DURL3307
307,SEN_SP73,CTW_140A,DURL3308
308,SEN_SP71,CTW_140B,DURL3309
309,SEN_SP65,CTW_140C,DURL3310
310,SEN_SP64,CTW_140D,DURL3311
311,SEN_SP62,CTW_140E,DURL3312
312,SEN_SP57,CTW_140F,DURL3313
313,SEN_SP55,CTW_140G,DURL3314
314,SEN_SP52,CTW_140H,DURL3315
315,SEN_SP51,CTW_140I,DURL3316
316,SEN_SP48,CTW_190,DURL3317
317,SEN_SP47,ESC1_01,DURL3318
318,SEN_SP46,EDM_02,DURL3319
319,SEN_SP44,EHG_ALL,DURL3320
320,SEN_SP42,MAP_110C,DURL3323
321,SEN_SP41,MAP_130,DURL3399
322,SEN_SP39,DWELC,DURL9999
323,SEN_SP37,LRD_10,TUT_970
324,SEN_SP36,LRN_10,ADLTDUR
325,SEN_SP35,LRC_20,CHLDDUR
326,SEN_SP34,BRTHCAN,CIVICDUR
327,SEN_SP33,BRTHPRVC,FREEDUR
328,SEN_SP31,BRTHMACR,HELPDUR
329,SEN_SP25,YRARRI,HSWKDUR
330,SEN_SP24,AGEARRC,LEISDUR
331,SEN_SP23,BPR_16,MEALSDUR
332,SEN_SP21,DCIT,MEDIADUR
333,SEN_SP20,BRTHMCAN,PDWKDUR
334,SEN_SP16,BRTHFCAN,PERSDUR
335,SEN_SP15,AMB_01,SCHLDUR
336,SEN_SP14,VISMIN,SHOPDUR
337,SEN_SP12,RELIGFLG,SLEEPDUR
338,SEN_SP10,REE_02,SLEEP1D
339,SEN_SP08,REE_03,SLEEP1S
340,SEN_SP07,RLR_110,SLEEP2D
341,SEN_SP04,LAN_01,SLEEP2S
342,SEN_SP03,LANHOME,SOCDUR
343,SEN_SP02,LANHMULT,SPRTSDUR
344,LCA_Q415,LANMT,TRANSDUR
345,LCA_Q410,LANMTMUL,OTHDUR
346,LCA_Q365,INCG1,TOTEPI
347,LCA_Q360,HHINCG1,EPI101
348,LCA_Q355,WTBS_001,EPI102
349,RSP_Q04,WTBS_002,EPI103
350,RSP_Q02,WTBS_003,EPI104
351,LCA_Q350,WTBS_004,EPI109
352,RLR_Q105,WTBS_005,EPI126
353,LCA_Q345,WTBS_006,EPI127
354,RELIGATT,WTBS_007,EPI128
355,RELIG6,WTBS_008,EPI129
356,LCA_Q340,WTBS_009,EPI130
357,LCA_Q335,WTBS_010,EPI151
358,LCA_Q330,WTBS_011,EPI152
359,LCA_Q325,WTBS_012,EPI153
360,REGION,WTBS_013,EPI154
361,REFEREE,WTBS_014,EPI159
362,PTR_Q300_C12,WTBS_015,EPI199
363,PTR_Q300_C11,WTBS_016,EPI201
364,PTR_Q300_C10,WTBS_017,EPI202
365,PTR_Q300_C09,WTBS_018,EPI203
366,PTR_Q300_C08,WTBS_019,EPI204
367,PTR_Q300_C07,WTBS_020,EPI205
368,PTR_Q300_C06,WTBS_021,EPI206
369,PTR_Q300_C05,WTBS_022,EPI207
370,PTR_Q300_C04,WTBS_023,EPI208
371,LCA_Q320,WTBS_024,EPI209
372,LCA_Q315,WTBS_025,EPI231
373,LCA_Q310,WTBS_026,EPI232
374,LCA_Q300,WTBS_027,EPI233
375,FAMTYPE,WTBS_028,EPI234
376,PTR_Q300_C03,WTBS_029,EPI235
377,PTR_Q300_C02,WTBS_030,EPI236
378,PTR_Q163,WTBS_031,EPI237
379,PTR_Q300_C01,WTBS_032,EPI238
380,PTR_Q164,WTBS_033,EPI239
381,PTR_Q206_2,WTBS_034,EPI240
382,LCA_Q245,WTBS_035,EPI241
383,PTR_Q206_1,WTBS_036,EPI261
384,PTR_Q205,WTBS_037,EPI262
385,PTR_Q204,WTBS_038,EPI263
386,PTR_Q203,WTBS_039,EPI264
387,PTR_Q202,WTBS_040,EPI269
388,LCA_Q240,WTBS_041,EPI299
389,PTR_Q201,WTBS_042,EPI301
390,PTR_Q196,WTBS_043,EPI302
391,PTR_Q195,WTBS_044,EPI303
392,PTR_Q190,WTBS_045,EPI304
393,PTR_Q186_3,WTBS_046,EPI305
394,PTR_Q186_2,WTBS_047,EPI306
395,GTU_Q110,WTBS_048,EPI307
396,GTU_Q120,WTBS_049,EPI351
397,GTU_Q130,WTBS_050,EPI352
398,GTU_Q140,WTBS_051,EPI353
399,LCA_Q235,WTBS_052,EPI359
400,HAL_Q110,WTBS_053,EPI399
401,HAL_Q120,WTBS_054,EPI401
402,HAL_Q150,WTBS_055,EPI402
403,HAL_Q160,WTBS_056,EPI403
404,HAL_Q170,WTBS_057,EPI404
405,HAL_Q210,WTBS_058,EPI405
406,PTR_Q186_1,WTBS_059,EPI406
407,PTR_Q185,WTBS_060,EPI407
408,PTR_Q184,WTBS_061,EPI408
409,HS_Q110,WTBS_062,EPI409
410,PTR_Q183,WTBS_063,EPI410
411,PTR_Q182,WTBS_064,EPI411
412,PTR_Q181,WTBS_065,EPI412
413,PTR_Q176,WTBS_066,EPI413
414,PTR_Q175,WTBS_067,EPI414
415,PTR_Q170,WTBS_068,EPI415
416,LCA_Q230,WTBS_069,EPI416
417,LCA_Q225,WTBS_070,EPI499
418,PTR_Q166_2,WTBS_071,EPI501
419,PTR_Q166_1,WTBS_072,EPI502
420,LCA_Q220,WTBS_073,EPI503
421,PTR_Q165,WTBS_074,EPI504
422,LCA_Q215,WTBS_075,EPI505
423,LANCHSUE,WTBS_076,EPI506
424,LANCHSUF,WTBS_077,EPI599
425,LANCHSUO,WTBS_078,EPI601
426,LCA_Q210,WTBS_079,EPI602
427,LANHSDC,WTBS_080,EPI603
428,LCA_Q110,WTBS_081,EPI604
429,LCA_Q115,WTBS_082,EPI699
430,LCA_Q120,WTBS_083,EPI701
431,LCA_Q125,WTBS_084,EPI702
432,LCA_Q130,WTBS_085,EPI799
433,LCA_Q135,WTBS_086,EPI801
434,LCA_Q140,WTBS_087,EPI802
435,LCA_Q145,WTBS_088,EPI803
436,LCA_Q146_C01,WTBS_089,EPI804
437,LCA_Q146_C02,WTBS_090,EPI805
438,LCA_Q146_C03,WTBS_091,EPI806
439,LCA_Q146_C04,WTBS_092,EPI807
440,LCA_Q146_C05,WTBS_093,EPI808
441,LANCH,WTBS_094,EPI899
442,INR_Q005,WTBS_095,EPI901
443,INCMHSD,WTBS_096,EPI902
444,INCM,WTBS_097,EPI903
445,GTU_Q150,WTBS_098,EPI999
446,SCT_Q110,WTBS_099,EPI1001
447,SCT_Q120,WTBS_100,EPI1002
448,SCT_Q130,WTBS_101,EPI1004
449,SCT_Q140,WTBS_102,EPI1005
450,SCT_Q150,WTBS_103,EPI1099
451,EOM_Q210,WTBS_104,EPI1101
452,EOF_Q210,WTBS_105,EPI1102
453,ENJOYS11,WTBS_106,EPI1103
454,ENJOYS10,WTBS_107,EPI1104
455,ENJOYS09,WTBS_108,EPI1105
456,ENJOYS08,WTBS_109,EPI1106
457,LFSHSD12,WTBS_110,EPI1199
458,LIVARR08,WTBS_111,EPI1201
459,LIVARR12,WTBS_112,EPI1202
460,ENJOYS07,WTBS_113,EPI1203
461,ENJOYS06,WTBS_114,EPI1204
462,ENJOYS05,WTBS_115,EPI1299
463,ENJOYS04,WTBS_116,EPI1301
464,ENJOYS03,WTBS_117,EPI1302
465,ENJOYS02,WTBS_118,EPI1303
466,ENJOYS01,WTBS_119,EPI1304
467,EDUYR,WTBS_120,EPI9999
468,EDUPR10,WTBS_121,WTBS_001
469,EDU10,WTBS_122,WTBS_002
470,LS_Q110,WTBS_123,WTBS_003
471,LS_Q120,WTBS_124,WTBS_004
472,LS_Q130,WTBS_125,WTBS_005
473,LS_Q140,WTBS_126,WTBS_006
474,LS_Q210,WTBS_127,WTBS_007
475,SOC91_LWK_C10,WTBS_128,WTBS_008
476,SOC91_RET_C10,WTBS_129,WTBS_009
477,MAP_Q100,WTBS_130,WTBS_010
478,SOC91C10,WTBS_131,WTBS_011
479,SPA_Q515_REL_A,WTBS_132,WTBS_012
480,SPA_Q515_REL_B,WTBS_133,WTBS_013
481,SPA_Q515_REL_C,WTBS_134,WTBS_014
482,SPA_Q515_REL_D,WTBS_135,WTBS_015
483,SPA_Q615_REL_A,WTBS_136,WTBS_016
484,SPA_Q615_REL_B,WTBS_137,WTBS_017
485,SPA_Q615_REL_C,WTBS_138,WTBS_018
486,SPA_Q615_REL_D,WTBS_139,WTBS_019
487,SPA_Q715_REL_A,WTBS_140,WTBS_020
488,SPA_Q715_REL_B,WTBS_141,WTBS_021
489,SPA_Q715_REL_C,WTBS_142,WTBS_022
490,SPA_Q715_REL_D,WTBS_143,WTBS_023
491,SPA_Q725_REL_A,WTBS_144,WTBS_024
492,MAR_Q100,WTBS_145,WTBS_025
493,SPA_Q725_REL_B,WTBS_146,WTBS_026
494,SPA_Q725_REL_C,WTBS_147,WTBS_027
495,SPA_Q725_REL_D,WTBS_148,WTBS_028
496,SPA_Q735_REL_A,WTBS_149,WTBS_029
497,SPA_Q735_REL_B,WTBS_150,WTBS_030
498,SPA_Q735_REL_C,WTBS_151,WTBS_031
499,SPA_Q735_REL_D,WTBS_152,WTBS_032
500,SPA_Q745_REL_A,WTBS_153,WTBS_033
501,SPA_Q745_REL_B,WTBS_154,WTBS_034
502,SPA_Q745_REL_C,WTBS_155,WTBS_035
503,SPA_Q745_REL_D,WTBS_156,WTBS_036
504,DLR_Q140_GRP5,WTBS_157,WTBS_037
505,PTR_Q120,WTBS_158,WTBS_038
506,MAR_Q193,WTBS_159,WTBS_039
507,PRV,WTBS_160,WTBS_040
508,BRTHPRVC,WTBS_161,WTBS_041
509,MAR_Q410,WTBS_162,WTBS_042
510,AGEPRGRDIF,WTBS_163,WTBS_043
511,TIMECR,WTBS_164,WTBS_044
512,TIMENS,WTBS_165,WTBS_045
513,AGEGR5,WTBS_166,WTBS_046
514,AGEGR10,WTBS_167,WTBS_047
515,AGEARRIGRC,WTBS_168,WTBS_048
516,MSS_Q130,WTBS_169,WTBS_049
517,NAICS2002_C16,WTBS_170,WTBS_050
518,NAICS2002_RET_C16,WTBS_171,WTBS_051
519,YRARRI,WTBS_172,WTBS_052
520,CDI_WAKE,WTBS_173,WTBS_053
521,CDI_SLEEP,WTBS_174,WTBS_054
522,CDI_Q125,WTBS_175,WTBS_055
523,CDI_Q115,WTBS_176,WTBS_056
524,MAP_Q191,WTBS_177,WTBS_057
525,MAP_Q190,WTBS_178,WTBS_058
526,MAP_Q181,WTBS_179,WTBS_059
527,MAP_Q180,WTBS_180,WTBS_060
528,CCD_START07,WTBS_181,WTBS_061
529,CCD_START06,WTBS_182,WTBS_062
530,CCD_START05,WTBS_183,WTBS_063
531,CCD_START04,WTBS_184,WTBS_064
532,CCD_START03,WTBS_185,WTBS_065
533,CCD_START02,WTBS_186,WTBS_066
534,CCD_START01,WTBS_187,WTBS_067
535,SLEEP2E,WTBS_188,WTBS_068
536,SLEEP1S,WTBS_189,WTBS_069
537,CCD_END07,WTBS_190,WTBS_070
538,CCD_END06,WTBS_191,WTBS_071
539,CCD_END05,WTBS_192,WTBS_072
540,CCD_END04,WTBS_193,WTBS_073
541,CCD_END03,WTBS_194,WTBS_074
542,CCD_END02,WTBS_195,WTBS_075
543,EOR_Q220,WTBS_196,WTBS_076
544,CCD_END01,WTBS_197,WTBS_077
545,ENJOYLO,WTBS_198,WTBS_078
546,RECID,WTBS_199,WTBS_079
547,ENJOYAC,WTBS_200,WTBS_080
548,SCT_Q200,WTBS_201,WTBS_081
549,WKWEHRPR_C,WTBS_202,WTBS_082
550,SP00_91,WTBS_203,WTBS_083
551,SP01_91,WTBS_204,WTBS_084
552,SPA_Q210_TOT,WTBS_205,WTBS_085
553,SPA_Q510_TOT,WTBS_206,WTBS_086
554,SPA_Q515_COMMONA,WTBS_207,WTBS_087
555,SPA_Q515_COMMONB,WTBS_208,WTBS_088
556,SPA_Q515_COMMONC,WTBS_209,WTBS_089
557,SPA_Q515_COMMOND,WTBS_210,WTBS_090
558,CCD_DUR,WTBS_211,WTBS_091
559,TOTEPISO,WTBS_212,WTBS_092
560,SLEEP1D,WTBS_213,WTBS_093
561,SLEEP2D,WTBS_214,WTBS_094
562,CHLDDOMS,WTBS_215,WTBS_095
563,COOKDOMS,WTBS_216,WTBS_096
564,DVCHILDC,WTBS_217,WTBS_097
565,DVDOM,WTBS_218,WTBS_098
566,DVEDUCAT,WTBS_219,WTBS_099
567,DVENTERT,WTBS_220,WTBS_100
568,DVMEDIA,WTBS_221,WTBS_101
569,DVORGAN,WTBS_222,WTBS_102
570,DVPAID,WTBS_223,WTBS_103
571,DVPERS,WTBS_224,WTBS_104
572,DVRESID,WTBS_225,WTBS_105
573,DVSHOP,WTBS_226,WTBS_106
574,DVSPORT,WTBS_227,WTBS_107
575,DVTRANS,WTBS_228,WTBS_108
576,ENTREVNT,WTBS_229,WTBS_109
577,HOMESOCL,WTBS_230,WTBS_110
578,HSKPDOMS,WTBS_231,WTBS_111
579,MAINDOMS,WTBS_232,WTBS_112
580,MEALPERS,WTBS_233,WTBS_113
581,OTHRACTV,WTBS_234,WTBS_114
582,OTHRDOMS,WTBS_235,WTBS_115
583,OTHRMDIA,WTBS_236,WTBS_116
584,OTHRPAID,WTBS_237,WTBS_117
585,OTHRPERS,WTBS_238,WTBS_118
586,OTHRSOCL,WTBS_239,WTBS_119
587,READMDIA,WTBS_240,WTBS_120
588,RESTSOCL,WTBS_241,WTBS_121
589,SCHLEDUC,WTBS_242,WTBS_122
590,SHOPDOMS,WTBS_243,WTBS_123
591,SPRTACTV,WTBS_244,WTBS_124
592,TELEMDIA,WTBS_245,WTBS_125
593,VLNTORGN,WTBS_246,WTBS_126
594,WORKPAID,WTBS_247,WTBS_127
595,wght_hsd,WTBS_248,WTBS_128
596,wght_per,WTBS_249,WTBS_129
597,HSDSIZEC,WTBS_250,WTBS_130
598,WKWE,WTBS_251,WTBS_131
599,WKWEHR_C,WTBS_252,WTBS_132
600,WKWEHOHR_C,WTBS_253,WTBS_133
601,AGECHRYC,WTBS_254,WTBS_134
602,CHRINHSDC,WTBS_255,WTBS_135
603,CHR0014C,WTBS_256,WTBS_136
604,INCMMEMC,WTBS_257,WTBS_137
605,MAR_Q171,WTBS_258,WTBS_138
606,UWA_Q110,WTBS_259,WTBS_139
607,UWA_Q120,WTBS_260,WTBS_140
608,UWA_Q130,WTBS_261,WTBS_141
609,UWA_Q140,WTBS_262,WTBS_142
610,UWA_Q150,WTBS_263,WTBS_143
611,UWA_Q160,WTBS_264,WTBS_144
612,LCA_Q250,WTBS_265,WTBS_145
613,LCA_Q260,WTBS_266,WTBS_146
614,MAP_Q215,WTBS_267,WTBS_147
615,MAP_Q225,WTBS_268,WTBS_148
616,MAP_Q235,WTBS_269,WTBS_149
617,wtbs_001,WTBS_270,WTBS_150
618,wtbs_002,WTBS_271,WTBS_151
619,wtbs_003,WTBS_272,WTBS_152
620,wtbs_004,WTBS_273,WTBS_153
621,wtbs_005,WTBS_274,WTBS_154
622,wtbs_006,WTBS_275,WTBS_155
623,wtbs_007,WTBS_276,WTBS_156
624,wtbs_008,WTBS_277,WTBS_157
625,wtbs_009,WTBS_278,WTBS_158
626,wtbs_010,WTBS_279,WTBS_159
627,wtbs_011,WTBS_280,WTBS_160
628,wtbs_012,WTBS_281,WTBS_161
629,wtbs_013,WTBS_282,WTBS_162
630,wtbs_014,WTBS_283,WTBS_163
631,wtbs_015,WTBS_284,WTBS_164
632,wtbs_016,WTBS_285,WTBS_165
633,wtbs_017,WTBS_286,WTBS_166
634,wtbs_018,WTBS_287,WTBS_167
635,wtbs_019,WTBS_288,WTBS_168
636,wtbs_020,WTBS_289,WTBS_169
637,wtbs_021,WTBS_290,WTBS_170
638,wtbs_022,WTBS_291,WTBS_171
639,wtbs_023,WTBS_292,WTBS_172
640,wtbs_024,WTBS_293,WTBS_173
641,wtbs_025,WTBS_294,WTBS_174
642,wtbs_026,WTBS_295,WTBS_175
643,wtbs_027,WTBS_296,WTBS_176
644,wtbs_028,WTBS_297,WTBS_177
645,wtbs_029,WTBS_298,WTBS_178
646,wtbs_030,WTBS_299,WTBS_179
647,wtbs_031,WTBS_300,WTBS_180
648,wtbs_032,WTBS_301,WTBS_181
649,wtbs_033,WTBS_302,WTBS_182
650,wtbs_034,WTBS_303,WTBS_183
651,wtbs_035,WTBS_304,WTBS_184
652,wtbs_036,WTBS_305,WTBS_185
653,wtbs_037,WTBS_306,WTBS_186
654,wtbs_038,WTBS_307,WTBS_187
655,wtbs_039,WTBS_308,WTBS_188
656,wtbs_040,WTBS_309,WTBS_189
657,wtbs_041,WTBS_310,WTBS_190
658,wtbs_042,WTBS_311,WTBS_191
659,wtbs_043,WTBS_312,WTBS_192
660,wtbs_044,WTBS_313,WTBS_193
661,wtbs_045,WTBS_314,WTBS_194
662,wtbs_046,WTBS_315,WTBS_195
663,wtbs_047,WTBS_316,WTBS_196
664,wtbs_048,WTBS_317,WTBS_197
665,wtbs_049,WTBS_318,WTBS_198
666,wtbs_050,WTBS_319,WTBS_199
667,wtbs_051,WTBS_320,WTBS_200
668,wtbs_052,WTBS_321,WTBS_201
669,wtbs_053,WTBS_322,WTBS_202
670,wtbs_054,WTBS_323,WTBS_203
671,wtbs_055,WTBS_324,WTBS_204
672,wtbs_056,WTBS_325,WTBS_205
673,wtbs_057,WTBS_326,WTBS_206
674,wtbs_058,WTBS_327,WTBS_207
675,wtbs_059,WTBS_328,WTBS_208
676,wtbs_060,WTBS_329,WTBS_209
677,wtbs_061,WTBS_330,WTBS_210
678,wtbs_062,WTBS_331,WTBS_211
679,wtbs_063,WTBS_332,WTBS_212
680,wtbs_064,WTBS_333,WTBS_213
681,wtbs_065,WTBS_334,WTBS_214
682,wtbs_066,WTBS_335,WTBS_215
683,wtbs_067,WTBS_336,WTBS_216
684,wtbs_068,WTBS_337,WTBS_217
685,wtbs_069,WTBS_338,WTBS_218
686,wtbs_070,WTBS_339,WTBS_219
687,wtbs_071,WTBS_340,WTBS_220
688,wtbs_072,WTBS_341,WTBS_221
689,wtbs_073,WTBS_342,WTBS_222
690,wtbs_074,WTBS_343,WTBS_223
691,wtbs_075,WTBS_344,WTBS_224
692,wtbs_076,WTBS_345,WTBS_225
693,wtbs_077,WTBS_346,WTBS_226
694,wtbs_078,WTBS_347,WTBS_227
695,wtbs_079,WTBS_348,WTBS_228
696,wtbs_080,WTBS_349,WTBS_229
697,wtbs_081,WTBS_350,WTBS_230
698,wtbs_082,WTBS_351,WTBS_231
699,wtbs_083,WTBS_352,WTBS_232
700,wtbs_084,WTBS_353,WTBS_233
701,wtbs_085,WTBS_354,WTBS_234
702,wtbs_086,WTBS_355,WTBS_235
703,wtbs_087,WTBS_356,WTBS_236
704,wtbs_088,WTBS_357,WTBS_237
705,wtbs_089,WTBS_358,WTBS_238
706,wtbs_090,WTBS_359,WTBS_239
707,wtbs_091,WTBS_360,WTBS_240
708,wtbs_092,WTBS_361,WTBS_241
709,wtbs_093,WTBS_362,WTBS_242
710,wtbs_094,WTBS_363,WTBS_243
711,wtbs_095,WTBS_364,WTBS_244
712,wtbs_096,WTBS_365,WTBS_245
713,wtbs_097,WTBS_366,WTBS_246
714,wtbs_098,WTBS_367,WTBS_247
715,wtbs_099,WTBS_368,WTBS_248
716,wtbs_100,WTBS_369,WTBS_249
717,wtbs_101,WTBS_370,WTBS_250
718,wtbs_102,WTBS_371,WTBS_251
719,wtbs_103,WTBS_372,WTBS_252
720,wtbs_104,WTBS_373,WTBS_253
721,wtbs_105,WTBS_374,WTBS_254
722,wtbs_106,WTBS_375,WTBS_255
723,wtbs_107,WTBS_376,WTBS_256
724,wtbs_108,WTBS_377,WTBS_257
725,wtbs_109,WTBS_378,WTBS_258
726,wtbs_110,WTBS_379,WTBS_259
727,wtbs_111,WTBS_380,WTBS_260
728,wtbs_112,WTBS_381,WTBS_261
729,wtbs_113,WTBS_382,WTBS_262
730,wtbs_114,WTBS_383,WTBS_263
731,wtbs_115,WTBS_384,WTBS_264
732,wtbs_116,WTBS_385,WTBS_265
733,wtbs_117,WTBS_386,WTBS_266
734,wtbs_118,WTBS_387,WTBS_267
735,wtbs_119,WTBS_388,WTBS_268
736,wtbs_120,WTBS_389,WTBS_269
737,wtbs_121,WTBS_390,WTBS_270
738,wtbs_122,WTBS_391,WTBS_271
739,wtbs_123,WTBS_392,WTBS_272
740,wtbs_124,WTBS_393,WTBS_273
741,wtbs_125,WTBS_394,WTBS_274
742,wtbs_126,WTBS_395,WTBS_275
743,wtbs_127,WTBS_396,WTBS_276
744,wtbs_128,WTBS_397,WTBS_277
745,wtbs_129,WTBS_398,WTBS_278
746,wtbs_130,WTBS_399,WTBS_279
747,wtbs_131,WTBS_400,WTBS_280
748,wtbs_132,WTBS_401,WTBS_281
749,wtbs_133,WTBS_402,WTBS_282
750,wtbs_134,WTBS_403,WTBS_283
751,wtbs_135,WTBS_404,WTBS_284
752,wtbs_136,WTBS_405,WTBS_285
753,wtbs_137,WTBS_406,WTBS_286
754,wtbs_138,WTBS_407,WTBS_287
755,wtbs_139,WTBS_408,WTBS_288
756,wtbs_140,WTBS_409,WTBS_289
757,wtbs_141,WTBS_410,WTBS_290
758,wtbs_142,WTBS_411,WTBS_291
759,wtbs_143,WTBS_412,WTBS_292
760,wtbs_144,WTBS_413,WTBS_293
761,wtbs_145,WTBS_414,WTBS_294
762,wtbs_146,WTBS_415,WTBS_295
763,wtbs_147,WTBS_416,WTBS_296
764,wtbs_148,WTBS_417,WTBS_297
765,wtbs_149,WTBS_418,WTBS_298
766,wtbs_150,WTBS_419,WTBS_299
767,wtbs_151,WTBS_420,WTBS_300
768,wtbs_152,WTBS_421,WTBS_301
769,wtbs_153,WTBS_422,WTBS_302
770,wtbs_154,WTBS_423,WTBS_303
771,wtbs_155,WTBS_424,WTBS_304
772,wtbs_156,WTBS_425,WTBS_305
773,wtbs_157,WTBS_426,WTBS_306
774,wtbs_158,WTBS_427,WTBS_307
775,wtbs_159,WTBS_428,WTBS_308
776,wtbs_160,WTBS_429,WTBS_309
777,wtbs_161,WTBS_430,WTBS_310
778,wtbs_162,WTBS_431,WTBS_311
779,wtbs_163,WTBS_432,WTBS_312
780,wtbs_164,WTBS_433,WTBS_313
781,wtbs_165,WTBS_434,WTBS_314
782,wtbs_166,WTBS_435,WTBS_315
783,wtbs_167,WTBS_436,WTBS_316
784,wtbs_168,WTBS_437,WTBS_317
785,wtbs_169,WTBS_438,WTBS_318
786,wtbs_170,WTBS_439,WTBS_319
787,wtbs_171,WTBS_440,WTBS_320
788,wtbs_172,WTBS_441,WTBS_321
789,wtbs_173,WTBS_442,WTBS_322
790,wtbs_174,WTBS_443,WTBS_323
791,wtbs_175,WTBS_444,WTBS_324
792,wtbs_176,WTBS_445,WTBS_325
793,wtbs_177,WTBS_446,WTBS_326
794,wtbs_178,WTBS_447,WTBS_327
795,wtbs_179,WTBS_448,WTBS_328
796,wtbs_180,WTBS_449,WTBS_329
797,wtbs_181,WTBS_450,WTBS_330
798,wtbs_182,WTBS_451,WTBS_331
799,wtbs_183,WTBS_452,WTBS_332
800,wtbs_184,WTBS_453,WTBS_333
801,wtbs_185,WTBS_454,WTBS_334
802,wtbs_186,WTBS_455,WTBS_335
803,wtbs_187,WTBS_456,WTBS_336
804,wtbs_188,WTBS_457,WTBS_337
805,wtbs_189,WTBS_458,WTBS_338
806,wtbs_190,WTBS_459,WTBS_339
807,wtbs_191,WTBS_460,WTBS_340
808,wtbs_192,WTBS_461,WTBS_341
809,wtbs_193,WTBS_462,WTBS_342
810,wtbs_194,WTBS_463,WTBS_343
811,wtbs_195,WTBS_464,WTBS_344
812,wtbs_196,WTBS_465,WTBS_345
813,wtbs_197,WTBS_466,WTBS_346
814,wtbs_198,WTBS_467,WTBS_347
815,wtbs_199,WTBS_468,WTBS_348
816,wtbs_200,WTBS_469,WTBS_349
817,wtbs_201,WTBS_470,WTBS_350
818,wtbs_202,WTBS_471,WTBS_351
819,wtbs_203,WTBS_472,WTBS_352
820,wtbs_204,WTBS_473,WTBS_353
821,wtbs_205,WTBS_474,WTBS_354
822,wtbs_206,WTBS_475,WTBS_355
823,wtbs_207,WTBS_476,WTBS_356
824,wtbs_208,WTBS_477,WTBS_357
825,wtbs_209,WTBS_478,WTBS_358
826,wtbs_210,WTBS_479,WTBS_359
827,wtbs_211,WTBS_480,WTBS_360
828,wtbs_212,WTBS_481,WTBS_361
829,wtbs_213,WTBS_482,WTBS_362
830,wtbs_214,WTBS_483,WTBS_363
831,wtbs_215,WTBS_484,WTBS_364
832,wtbs_216,WTBS_485,WTBS_365
833,wtbs_217,WTBS_486,WTBS_366
834,wtbs_218,WTBS_487,WTBS_367
835,wtbs_219,WTBS_488,WTBS_368
836,wtbs_220,WTBS_489,WTBS_369
837,wtbs_221,WTBS_490,WTBS_370
838,wtbs_222,WTBS_491,WTBS_371
839,wtbs_223,WTBS_492,WTBS_372
840,wtbs_224,WTBS_493,WTBS_373
841,wtbs_225,WTBS_494,WTBS_374
842,wtbs_226,WTBS_495,WTBS_375
843,wtbs_227,WTBS_496,WTBS_376
844,wtbs_228,WTBS_497,WTBS_377
845,wtbs_229,WTBS_498,WTBS_378
846,wtbs_230,WTBS_499,WTBS_379
847,wtbs_231,WTBS_500,WTBS_380
848,wtbs_232,,WTBS_381
849,wtbs_233,,WTBS_382
850,wtbs_234,,WTBS_383
851,wtbs_235,,WTBS_384
852,wtbs_236,,WTBS_385
853,wtbs_237,,WTBS_386
854,wtbs_238,,WTBS_387
855,wtbs_239,,WTBS_388
856,wtbs_240,,WTBS_389
857,wtbs_241,,WTBS_390
858,wtbs_242,,WTBS_391
859,wtbs_243,,WTBS_392
860,wtbs_244,,WTBS_393
861,wtbs_245,,WTBS_394
862,wtbs_246,,WTBS_395
863,wtbs_247,,WTBS_396
864,wtbs_248,,WTBS_397
865,wtbs_249,,WTBS_398
866,wtbs_250,,WTBS_399
867,wtbs_251,,WTBS_400
868,wtbs_252,,WTBS_401
869,wtbs_253,,WTBS_402
870,wtbs_254,,WTBS_403
871,wtbs_255,,WTBS_404
872,wtbs_256,,WTBS_405
873,wtbs_257,,WTBS_406
874,wtbs_258,,WTBS_407
875,wtbs_259,,WTBS_408
876,wtbs_260,,WTBS_409
877,wtbs_261,,WTBS_410
878,wtbs_262,,WTBS_411
879,wtbs_263,,WTBS_412
880,wtbs_264,,WTBS_413
881,wtbs_265,,WTBS_414
882,wtbs_266,,WTBS_415
883,wtbs_267,,WTBS_416
884,wtbs_268,,WTBS_417
885,wtbs_269,,WTBS_418
886,wtbs_270,,WTBS_419
887,wtbs_271,,WTBS_420
888,wtbs_272,,WTBS_421
889,wtbs_273,,WTBS_422
890,wtbs_274,,WTBS_423
891,wtbs_275,,WTBS_424
892,wtbs_276,,WTBS_425
893,wtbs_277,,WTBS_426
894,wtbs_278,,WTBS_427
895,wtbs_279,,WTBS_428
896,wtbs_280,,WTBS_429
897,wtbs_281,,WTBS_430
898,wtbs_282,,WTBS_431
899,wtbs_283,,WTBS_432
900,wtbs_284,,WTBS_433
901,wtbs_285,,WTBS_434
902,wtbs_286,,WTBS_435
903,wtbs_287,,WTBS_436
904,wtbs_288,,WTBS_437
905,wtbs_289,,WTBS_438
906,wtbs_290,,WTBS_439
907,wtbs_291,,WTBS_440
908,wtbs_292,,WTBS_441
909,wtbs_293,,WTBS_442
910,wtbs_294,,WTBS_443
911,wtbs_295,,WTBS_444
912,wtbs_296,,WTBS_445
913,wtbs_297,,WTBS_446
914,wtbs_298,,WTBS_447
915,wtbs_299,,WTBS_448
916,wtbs_300,,WTBS_449
917,wtbs_301,,WTBS_450
918,wtbs_302,,WTBS_451
919,wtbs_303,,WTBS_452
920,wtbs_304,,WTBS_453
921,wtbs_305,,WTBS_454
922,wtbs_306,,WTBS_455
923,wtbs_307,,WTBS_456
924,wtbs_308,,WTBS_457
925,wtbs_309,,WTBS_458
926,wtbs_310,,WTBS_459
927,wtbs_311,,WTBS_460
928,wtbs_312,,WTBS_461
929,wtbs_313,,WTBS_462
930,wtbs_314,,WTBS_463
931,wtbs_315,,WTBS_464
932,wtbs_316,,WTBS_465
933,wtbs_317,,WTBS_466
934,wtbs_318,,WTBS_467
935,wtbs_319,,WTBS_468
936,wtbs_320,,WTBS_469
937,wtbs_321,,WTBS_470
938,wtbs_322,,WTBS_471
939,wtbs_323,,WTBS_472
940,wtbs_324,,WTBS_473
941,wtbs_325,,WTBS_474
942,wtbs_326,,WTBS_475
943,wtbs_327,,WTBS_476
944,wtbs_328,,WTBS_477
945,wtbs_329,,WTBS_478
946,wtbs_330,,WTBS_479
947,wtbs_331,,WTBS_480
948,wtbs_332,,WTBS_481
949,wtbs_333,,WTBS_482
950,wtbs_334,,WTBS_483
951,wtbs_335,,WTBS_484
952,wtbs_336,,WTBS_485
953,wtbs_337,,WTBS_486
954,wtbs_338,,WTBS_487
955,wtbs_339,,WTBS_488
956,wtbs_340,,WTBS_489
957,wtbs_341,,WTBS_490
958,wtbs_342,,WTBS_491
959,wtbs_343,,WTBS_492
960,wtbs_344,,WTBS_493
961,wtbs_345,,WTBS_494
962,wtbs_346,,WTBS_495
963,wtbs_347,,WTBS_496
964,wtbs_348,,WTBS_497
965,wtbs_349,,WTBS_498
966,wtbs_350,,WTBS_499
967,wtbs_351,,WTBS_500
968,wtbs_352,,
969,wtbs_353,,
970,wtbs_354,,
971,wtbs_355,,
972,wtbs_356,,
973,wtbs_357,,
974,wtbs_358,,
975,wtbs_359,,
976,wtbs_360,,
977,wtbs_361,,
978,wtbs_362,,
979,wtbs_363,,
980,wtbs_364,,
981,wtbs_365,,
982,wtbs_366,,
983,wtbs_367,,
984,wtbs_368,,
985,wtbs_369,,
986,wtbs_370,,
987,wtbs_371,,
988,wtbs_372,,
989,wtbs_373,,
990,wtbs_374,,
991,wtbs_375,,
992,wtbs_376,,
993,wtbs_377,,
994,wtbs_378,,
995,wtbs_379,,
996,wtbs_380,,
997,wtbs_381,,
998,wtbs_382,,
999,wtbs_383,,
1000,wtbs_384,,
1001,wtbs_385,,
1002,wtbs_386,,
1003,wtbs_387,,
1004,wtbs_388,,
1005,wtbs_389,,
1006,wtbs_390,,
1007,wtbs_391,,
1008,wtbs_392,,
1009,wtbs_393,,
1010,wtbs_394,,
1011,wtbs_395,,
1012,wtbs_396,,
1013,wtbs_397,,
1014,wtbs_398,,
1015,wtbs_399,,
1016,wtbs_400,,
1017,wtbs_401,,
1018,wtbs_402,,
1019,wtbs_403,,
1020,wtbs_404,,
1021,wtbs_405,,
1022,wtbs_406,,
1023,wtbs_407,,
1024,wtbs_408,,
1025,wtbs_409,,
1026,wtbs_410,,
1027,wtbs_411,,
1028,wtbs_412,,
1029,wtbs_413,,
1030,wtbs_414,,
1031,wtbs_415,,
1032,wtbs_416,,
1033,wtbs_417,,
1034,wtbs_418,,
1035,wtbs_419,,
1036,wtbs_420,,
1037,wtbs_421,,
1038,wtbs_422,,
1039,wtbs_423,,
1040,wtbs_424,,
1041,wtbs_425,,
1042,wtbs_426,,
1043,wtbs_427,,
1044,wtbs_428,,
1045,wtbs_429,,
1046,wtbs_430,,
1047,wtbs_431,,
1048,wtbs_432,,
1049,wtbs_433,,
1050,wtbs_434,,
1051,wtbs_435,,
1052,wtbs_436,,
1053,wtbs_437,,
1054,wtbs_438,,
1055,wtbs_439,,
1056,wtbs_440,,
1057,wtbs_441,,
1058,wtbs_442,,
1059,wtbs_443,,
1060,wtbs_444,,
1061,wtbs_445,,
1062,wtbs_446,,
1063,wtbs_447,,
1064,wtbs_448,,
1065,wtbs_449,,
1066,wtbs_450,,
1067,wtbs_451,,
1068,wtbs_452,,
1069,wtbs_453,,
1070,wtbs_454,,
1071,wtbs_455,,
1072,wtbs_456,,
1073,wtbs_457,,
1074,wtbs_458,,
1075,wtbs_459,,
1076,wtbs_460,,
1077,wtbs_461,,
1078,wtbs_462,,
1079,wtbs_463,,
1080,wtbs_464,,
1081,wtbs_465,,
1082,wtbs_466,,
1083,wtbs_467,,
1084,wtbs_468,,
1085,wtbs_469,,
1086,wtbs_470,,
1087,wtbs_471,,
1088,wtbs_472,,
1089,wtbs_473,,
1090,wtbs_474,,
1091,wtbs_475,,
1092,wtbs_476,,
1093,wtbs_477,,
1094,wtbs_478,,
1095,wtbs_479,,
1096,wtbs_480,,
1097,wtbs_481,,
1098,wtbs_482,,
1099,wtbs_483,,
1100,wtbs_484,,
1101,wtbs_485,,
1102,wtbs_486,,
1103,wtbs_487,,
1104,wtbs_488,,
1105,wtbs_489,,
1106,wtbs_490,,
1107,wtbs_491,,
1108,wtbs_492,,
1109,wtbs_493,,
1110,wtbs_494,,
1111,wtbs_495,,
1112,wtbs_496,,
1113,wtbs_497,,
1114,wtbs_498,,
1115,wtbs_499,,
1116,wtbs_500,,
1117,wght_csp,,
1118,wtcbs_001,,
1119,wtcbs_002,,
1120,wtcbs_003,,
1121,wtcbs_004,,
1122,wtcbs_005,,
1123,wtcbs_006,,
1124,wtcbs_007,,
1125,wtcbs_008,,
1126,wtcbs_009,,
1127,wtcbs_010,,
1128,wtcbs_011,,
1129,wtcbs_012,,
1130,wtcbs_013,,
1131,wtcbs_014,,
1132,wtcbs_015,,
1133,wtcbs_016,,
1134,wtcbs_017,,
1135,wtcbs_018,,
1136,wtcbs_019,,
1137,wtcbs_020,,
1138,wtcbs_021,,
1139,wtcbs_022,,
1140,wtcbs_023,,
1141,wtcbs_024,,
1142,wtcbs_025,,
1143,wtcbs_026,,
1144,wtcbs_027,,
1145,wtcbs_028,,
1146,wtcbs_029,,
1147,wtcbs_030,,
1148,wtcbs_031,,
1149,wtcbs_032,,
1150,wtcbs_033,,
1151,wtcbs_034,,
1152,wtcbs_035,,
1153,wtcbs_036,,
1154,wtcbs_037,,
1155,wtcbs_038,,
1156,wtcbs_039,,
1157,wtcbs_040,,
1158,wtcbs_041,,
1159,wtcbs_042,,
1160,wtcbs_043,,
1161,wtcbs_044,,
1162,wtcbs_045,,
1163,wtcbs_046,,
1164,wtcbs_047,,
1165,wtcbs_048,,
1166,wtcbs_049,,
1167,wtcbs_050,,
1168,wtcbs_051,,
1169,wtcbs_052,,
1170,wtcbs_053,,
1171,wtcbs_054,,
1172,wtcbs_055,,
1173,wtcbs_056,,
1174,wtcbs_057,,
1175,wtcbs_058,,
1176,wtcbs_059,,
1177,wtcbs_060,,
1178,wtcbs_061,,
1179,wtcbs_062,,
1180,wtcbs_063,,
1181,wtcbs_064,,
1182,wtcbs_065,,
1183,wtcbs_066,,
1184,wtcbs_067,,
1185,wtcbs_068,,
1186,wtcbs_069,,
1187,wtcbs_070,,
1188,wtcbs_071,,
1189,wtcbs_072,,
1190,wtcbs_073,,
1191,wtcbs_074,,
1192,wtcbs_075,,
1193,wtcbs_076,,
1194,wtcbs_077,,
1195,wtcbs_078,,
1196,wtcbs_079,,
1197,wtcbs_080,,
1198,wtcbs_081,,
1199,wtcbs_082,,
1200,wtcbs_083,,
1201,wtcbs_084,,
1202,wtcbs_085,,
1203,wtcbs_086,,
1204,wtcbs_087,,
1205,wtcbs_088,,
1206,wtcbs_089,,
1207,wtcbs_090,,
1208,wtcbs_091,,
1209,wtcbs_092,,
1210,wtcbs_093,,
1211,wtcbs_094,,
1212,wtcbs_095,,
1213,wtcbs_096,,
1214,wtcbs_097,,
1215,wtcbs_098,,
1216,wtcbs_099,,
1217,wtcbs_100,,
1218,wtcbs_101,,
1219,wtcbs_102,,
1220,wtcbs_103,,
1221,wtcbs_104,,
1222,wtcbs_105,,
1223,wtcbs_106,,
1224,wtcbs_107,,
1225,wtcbs_108,,
1226,wtcbs_109,,
1227,wtcbs_110,,
1228,wtcbs_111,,
1229,wtcbs_112,,
1230,wtcbs_113,,
1231,wtcbs_114,,
1232,wtcbs_115,,
1233,wtcbs_116,,
1234,wtcbs_117,,
1235,wtcbs_118,,
1236,wtcbs_119,,
1237,wtcbs_120,,
1238,wtcbs_121,,
1239,wtcbs_122,,
1240,wtcbs_123,,
1241,wtcbs_124,,
1242,wtcbs_125,,
1243,wtcbs_126,,
1244,wtcbs_127,,
1245,wtcbs_128,,
1246,wtcbs_129,,
1247,wtcbs_130,,
1248,wtcbs_131,,
1249,wtcbs_132,,
1250,wtcbs_133,,
1251,wtcbs_134,,
1252,wtcbs_135,,
1253,wtcbs_136,,
1254,wtcbs_137,,
1255,wtcbs_138,,
1256,wtcbs_139,,
1257,wtcbs_140,,
1258,wtcbs_141,,
1259,wtcbs_142,,
1260,wtcbs_143,,
1261,wtcbs_144,,
1262,wtcbs_145,,
1263,wtcbs_146,,
1264,wtcbs_147,,
1265,wtcbs_148,,
1266,wtcbs_149,,
1267,wtcbs_150,,
1268,wtcbs_151,,
1269,wtcbs_152,,
1270,wtcbs_153,,
1271,wtcbs_154,,
1272,wtcbs_155,,
1273,wtcbs_156,,
1274,wtcbs_157,,
1275,wtcbs_158,,
1276,wtcbs_159,,
1277,wtcbs_160,,
1278,wtcbs_161,,
1279,wtcbs_162,,
1280,wtcbs_163,,
1281,wtcbs_164,,
1282,wtcbs_165,,
1283,wtcbs_166,,
1284,wtcbs_167,,
1285,wtcbs_168,,
1286,wtcbs_169,,
1287,wtcbs_170,,
1288,wtcbs_171,,
1289,wtcbs_172,,
1290,wtcbs_173,,
1291,wtcbs_174,,
1292,wtcbs_175,,
1293,wtcbs_176,,
1294,wtcbs_177,,
1295,wtcbs_178,,
1296,wtcbs_179,,
1297,wtcbs_180,,
1298,wtcbs_181,,
1299,wtcbs_182,,
1300,wtcbs_183,,
1301,wtcbs_184,,
1302,wtcbs_185,,
1303,wtcbs_186,,
1304,wtcbs_187,,
1305,wtcbs_188,,
1306,wtcbs_189,,
1307,wtcbs_190,,
1308,wtcbs_191,,
1309,wtcbs_192,,
1310,wtcbs_193,,
1311,wtcbs_194,,
1312,wtcbs_195,,
1313,wtcbs_196,,
1314,wtcbs_197,,
1315,wtcbs_198,,
1316,wtcbs_199,,
1317,wtcbs_200,,
1318,wtcbs_201,,
1319,wtcbs_202,,
1320,wtcbs_203,,
1321,wtcbs_204,,
1322,wtcbs_205,,
1323,wtcbs_206,,
1324,wtcbs_207,,
1325,wtcbs_208,,
1326,wtcbs_209,,
1327,wtcbs_210,,
1328,wtcbs_211,,
1329,wtcbs_212,,
1330,wtcbs_213,,
1331,wtcbs_214,,
1332,wtcbs_215,,
1333,wtcbs_216,,
1334,wtcbs_217,,
1335,wtcbs_218,,
1336,wtcbs_219,,
1337,wtcbs_220,,
1338,wtcbs_221,,
1339,wtcbs_222,,
1340,wtcbs_223,,
1341,wtcbs_224,,
1342,wtcbs_225,,
1343,wtcbs_226,,
1344,wtcbs_227,,
1345,wtcbs_228,,
1346,wtcbs_229,,
1347,wtcbs_230,,
1348,wtcbs_231,,
1349,wtcbs_232,,
1350,wtcbs_233,,
1351,wtcbs_234,,
1352,wtcbs_235,,
1353,wtcbs_236,,
1354,wtcbs_237,,
1355,wtcbs_238,,
1356,wtcbs_239,,
1357,wtcbs_240,,
1358,wtcbs_241,,
1359,wtcbs_242,,
1360,wtcbs_243,,
1361,wtcbs_244,,
1362,wtcbs_245,,
1363,wtcbs_246,,
1364,wtcbs_247,,
1365,wtcbs_248,,
1366,wtcbs_249,,
1367,wtcbs_250,,
1368,wtcbs_251,,
1369,wtcbs_252,,
1370,wtcbs_253,,
1371,wtcbs_254,,
1372,wtcbs_255,,
1373,wtcbs_256,,
1374,wtcbs_257,,
1375,wtcbs_258,,
1376,wtcbs_259,,
1377,wtcbs_260,,
1378,wtcbs_261,,
1379,wtcbs_262,,
1380,wtcbs_263,,
1381,wtcbs_264,,
1382,wtcbs_265,,
1383,wtcbs_266,,
1384,wtcbs_267,,
1385,wtcbs_268,,
1386,wtcbs_269,,
1387,wtcbs_270,,
1388,wtcbs_271,,
1389,wtcbs_272,,
1390,wtcbs_273,,
1391,wtcbs_274,,
1392,wtcbs_275,,
1393,wtcbs_276,,
1394,wtcbs_277,,
1395,wtcbs_278,,
1396,wtcbs_279,,
1397,wtcbs_280,,
1398,wtcbs_281,,
1399,wtcbs_282,,
1400,wtcbs_283,,
1401,wtcbs_284,,
1402,wtcbs_285,,
1403,wtcbs_286,,
1404,wtcbs_287,,
1405,wtcbs_288,,
1406,wtcbs_289,,
1407,wtcbs_290,,
1408,wtcbs_291,,
1409,wtcbs_292,,
1410,wtcbs_293,,
1411,wtcbs_294,,
1412,wtcbs_295,,
1413,wtcbs_296,,
1414,wtcbs_297,,
1415,wtcbs_298,,
1416,wtcbs_299,,
1417,wtcbs_300,,
1418,wtcbs_301,,
1419,wtcbs_302,,
1420,wtcbs_303,,
1421,wtcbs_304,,
1422,wtcbs_305,,
1423,wtcbs_306,,
1424,wtcbs_307,,
1425,wtcbs_308,,
1426,wtcbs_309,,
1427,wtcbs_310,,
1428,wtcbs_311,,
1429,wtcbs_312,,
1430,wtcbs_313,,
1431,wtcbs_314,,
1432,wtcbs_315,,
1433,wtcbs_316,,
1434,wtcbs_317,,
1435,wtcbs_318,,
1436,wtcbs_319,,
1437,wtcbs_320,,
1438,wtcbs_321,,
1439,wtcbs_322,,
1440,wtcbs_323,,
1441,wtcbs_324,,
1442,wtcbs_325,,
1443,wtcbs_326,,
1444,wtcbs_327,,
1445,wtcbs_328,,
1446,wtcbs_329,,
1447,wtcbs_330,,
1448,wtcbs_331,,
1449,wtcbs_332,,
1450,wtcbs_333,,
1451,wtcbs_334,,
1452,wtcbs_335,,
1453,wtcbs_336,,
1454,wtcbs_337,,
1455,wtcbs_338,,
1456,wtcbs_339,,
1457,wtcbs_340,,
1458,wtcbs_341,,
1459,wtcbs_342,,
1460,wtcbs_343,,
1461,wtcbs_344,,
1462,wtcbs_345,,
1463,wtcbs_346,,
1464,wtcbs_347,,
1465,wtcbs_348,,
1466,wtcbs_349,,
1467,wtcbs_350,,
1468,wtcbs_351,,
1469,wtcbs_352,,
1470,wtcbs_353,,
1471,wtcbs_354,,
1472,wtcbs_355,,
1473,wtcbs_356,,
1474,wtcbs_357,,
1475,wtcbs_358,,
1476,wtcbs_359,,
1477,wtcbs_360,,
1478,wtcbs_361,,
1479,wtcbs_362,,
1480,wtcbs_363,,
1481,wtcbs_364,,
1482,wtcbs_365,,
1483,wtcbs_366,,
1484,wtcbs_367,,
1485,wtcbs_368,,
1486,wtcbs_369,,
1487,wtcbs_370,,
1488,wtcbs_371,,
1489,wtcbs_372,,
1490,wtcbs_373,,
1491,wtcbs_374,,
1492,wtcbs_375,,
1493,wtcbs_376,,
1494,wtcbs_377,,
1495,wtcbs_378,,
1496,wtcbs_379,,
1497,wtcbs_380,,
1498,wtcbs_381,,
1499,wtcbs_382,,
1500,wtcbs_383,,
1501,wtcbs_384,,
1502,wtcbs_385,,
1503,wtcbs_386,,
1504,wtcbs_387,,
1505,wtcbs_388,,
1506,wtcbs_389,,
1507,wtcbs_390,,
1508,wtcbs_391,,
1509,wtcbs_392,,
1510,wtcbs_393,,
1511,wtcbs_394,,
1512,wtcbs_395,,
1513,wtcbs_396,,
1514,wtcbs_397,,
1515,wtcbs_398,,
1516,wtcbs_399,,
1517,wtcbs_400,,
1518,wtcbs_401,,
1519,wtcbs_402,,
1520,wtcbs_403,,
1521,wtcbs_404,,
1522,wtcbs_405,,
1523,wtcbs_406,,
1524,wtcbs_407,,
1525,wtcbs_408,,
1526,wtcbs_409,,
1527,wtcbs_410,,
1528,wtcbs_411,,
1529,wtcbs_412,,
1530,wtcbs_413,,
1531,wtcbs_414,,
1532,wtcbs_415,,
1533,wtcbs_416,,
1534,wtcbs_417,,
1535,wtcbs_418,,
1536,wtcbs_419,,
1537,wtcbs_420,,
1538,wtcbs_421,,
1539,wtcbs_422,,
1540,wtcbs_423,,
1541,wtcbs_424,,
1542,wtcbs_425,,
1543,wtcbs_426,,
1544,wtcbs_427,,
1545,wtcbs_428,,
1546,wtcbs_429,,
1547,wtcbs_430,,
1548,wtcbs_431,,
1549,wtcbs_432,,
1550,wtcbs_433,,
1551,wtcbs_434,,
1552,wtcbs_435,,
1553,wtcbs_436,,
1554,wtcbs_437,,
1555,wtcbs_438,,
1556,wtcbs_439,,
1557,wtcbs_440,,
1558,wtcbs_441,,
1559,wtcbs_442,,
1560,wtcbs_443,,
1561,wtcbs_444,,
1562,wtcbs_445,,
1563,wtcbs_446,,
1564,wtcbs_447,,
1565,wtcbs_448,,
1566,wtcbs_449,,
1567,wtcbs_450,,
1568,wtcbs_451,,
1569,wtcbs_452,,
1570,wtcbs_453,,
1571,wtcbs_454,,
1572,wtcbs_455,,
1573,wtcbs_456,,
1574,wtcbs_457,,
1575,wtcbs_458,,
1576,wtcbs_459,,
1577,wtcbs_460,,
1578,wtcbs_461,,
1579,wtcbs_462,,
1580,wtcbs_463,,
1581,wtcbs_464,,
1582,wtcbs_465,,
1583,wtcbs_466,,
1584,wtcbs_467,,
1585,wtcbs_468,,
1586,wtcbs_469,,
1587,wtcbs_470,,
1588,wtcbs_471,,
1589,wtcbs_472,,
1590,wtcbs_473,,
1591,wtcbs_474,,
1592,wtcbs_475,,
1593,wtcbs_476,,
1594,wtcbs_477,,
1595,wtcbs_478,,
1596,wtcbs_479,,
1597,wtcbs_480,,
1598,wtcbs_481,,
1599,wtcbs_482,,
1600,wtcbs_483,,
1601,wtcbs_484,,
1602,wtcbs_485,,
1603,wtcbs_486,,
1604,wtcbs_487,,
1605,wtcbs_488,,
1606,wtcbs_489,,
1607,wtcbs_490,,
1608,wtcbs_491,,
1609,wtcbs_492,,
1610,wtcbs_493,,
1611,wtcbs_494,,
1612,wtcbs_495,,
1613,wtcbs_496,,
1614,wtcbs_497,,
1615,wtcbs_498,,
1616,wtcbs_499,,
1617,wtcbs_500,,
1618,wght_snt,,
1619,wtsbs_001,,
1620,wtsbs_002,,
1621,wtsbs_003,,
1622,wtsbs_004,,
1623,wtsbs_005,,
1624,wtsbs_006,,
1625,wtsbs_007,,
1626,wtsbs_008,,
1627,wtsbs_009,,
1628,wtsbs_010,,
1629,wtsbs_011,,
1630,wtsbs_012,,
1631,wtsbs_013,,
1632,wtsbs_014,,
1633,wtsbs_015,,
1634,wtsbs_016,,
1635,wtsbs_017,,
1636,wtsbs_018,,
1637,wtsbs_019,,
1638,wtsbs_020,,
1639,wtsbs_021,,
1640,wtsbs_022,,
1641,wtsbs_023,,
1642,wtsbs_024,,
1643,wtsbs_025,,
1644,wtsbs_026,,
1645,wtsbs_027,,
1646,wtsbs_028,,
1647,wtsbs_029,,
1648,wtsbs_030,,
1649,wtsbs_031,,
1650,wtsbs_032,,
1651,wtsbs_033,,
1652,wtsbs_034,,
1653,wtsbs_035,,
1654,wtsbs_036,,
1655,wtsbs_037,,
1656,wtsbs_038,,
1657,wtsbs_039,,
1658,wtsbs_040,,
1659,wtsbs_041,,
1660,wtsbs_042,,
1661,wtsbs_043,,
1662,wtsbs_044,,
1663,wtsbs_045,,
1664,wtsbs_046,,
1665,wtsbs_047,,
1666,wtsbs_048,,
1667,wtsbs_049,,
1668,wtsbs_050,,
1669,wtsbs_051,,
1670,wtsbs_052,,
1671,wtsbs_053,,
1672,wtsbs_054,,
1673,wtsbs_055,,
1674,wtsbs_056,,
1675,wtsbs_057,,
1676,wtsbs_058,,
1677,wtsbs_059,,
1678,wtsbs_060,,
1679,wtsbs_061,,
1680,wtsbs_062,,
1681,wtsbs_063,,
1682,wtsbs_064,,
1683,wtsbs_065,,
1684,wtsbs_066,,
1685,wtsbs_067,,
1686,wtsbs_068,,
1687,wtsbs_069,,
1688,wtsbs_070,,
1689,wtsbs_071,,
1690,wtsbs_072,,
1691,wtsbs_073,,
1692,wtsbs_074,,
1693,wtsbs_075,,
1694,wtsbs_076,,
1695,wtsbs_077,,
1696,wtsbs_078,,
1697,wtsbs_079,,
1698,wtsbs_080,,
1699,wtsbs_081,,
1700,wtsbs_082,,
1701,wtsbs_083,,
1702,wtsbs_084,,
1703,wtsbs_085,,
1704,wtsbs_086,,
1705,wtsbs_087,,
1706,wtsbs_088,,
1707,wtsbs_089,,
1708,wtsbs_090,,
1709,wtsbs_091,,
1710,wtsbs_092,,
1711,wtsbs_093,,
1712,wtsbs_094,,
1713,wtsbs_095,,
1714,wtsbs_096,,
1715,wtsbs_097,,
1716,wtsbs_098,,
1717,wtsbs_099,,
1718,wtsbs_100,,
1719,wtsbs_101,,
1720,wtsbs_102,,
1721,wtsbs_103,,
1722,wtsbs_104,,
1723,wtsbs_105,,
1724,wtsbs_106,,
1725,wtsbs_107,,
1726,wtsbs_108,,
1727,wtsbs_109,,
1728,wtsbs_110,,
1729,wtsbs_111,,
1730,wtsbs_112,,
1731,wtsbs_113,,
1732,wtsbs_114,,
1733,wtsbs_115,,
1734,wtsbs_116,,
1735,wtsbs_117,,
1736,wtsbs_118,,
1737,wtsbs_119,,
1738,wtsbs_120,,
1739,wtsbs_121,,
1740,wtsbs_122,,
1741,wtsbs_123,,
1742,wtsbs_124,,
1743,wtsbs_125,,
1744,wtsbs_126,,
1745,wtsbs_127,,
1746,wtsbs_128,,
1747,wtsbs_129,,
1748,wtsbs_130,,
1749,wtsbs_131,,
1750,wtsbs_132,,
1751,wtsbs_133,,
1752,wtsbs_134,,
1753,wtsbs_135,,
1754,wtsbs_136,,
1755,wtsbs_137,,
1756,wtsbs_138,,
1757,wtsbs_139,,
1758,wtsbs_140,,
1759,wtsbs_141,,
1760,wtsbs_142,,
1761,wtsbs_143,,
1762,wtsbs_144,,
1763,wtsbs_145,,
1764,wtsbs_146,,
1765,wtsbs_147,,
1766,wtsbs_148,,
1767,wtsbs_149,,
1768,wtsbs_150,,
1769,wtsbs_151,,
1770,wtsbs_152,,
1771,wtsbs_153,,
1772,wtsbs_154,,
1773,wtsbs_155,,
1774,wtsbs_156,,
1775,wtsbs_157,,
1776,wtsbs_158,,
1777,wtsbs_159,,
1778,wtsbs_160,,
1779,wtsbs_161,,
1780,wtsbs_162,,
1781,wtsbs_163,,
1782,wtsbs_164,,
1783,wtsbs_165,,
1784,wtsbs_166,,
1785,wtsbs_167,,
1786,wtsbs_168,,
1787,wtsbs_169,,
1788,wtsbs_170,,
1789,wtsbs_171,,
1790,wtsbs_172,,
1791,wtsbs_173,,
1792,wtsbs_174,,
1793,wtsbs_175,,
1794,wtsbs_176,,
1795,wtsbs_177,,
1796,wtsbs_178,,
1797,wtsbs_179,,
1798,wtsbs_180,,
1799,wtsbs_181,,
1800,wtsbs_182,,
1801,wtsbs_183,,
1802,wtsbs_184,,
1803,wtsbs_185,,
1804,wtsbs_186,,
1805,wtsbs_187,,
1806,wtsbs_188,,
1807,wtsbs_189,,
1808,wtsbs_190,,
1809,wtsbs_191,,
1810,wtsbs_192,,
1811,wtsbs_193,,
1812,wtsbs_194,,
1813,wtsbs_195,,
1814,wtsbs_196,,
1815,wtsbs_197,,
1816,wtsbs_198,,
1817,wtsbs_199,,
1818,wtsbs_200,,
1819,wtsbs_201,,
1820,wtsbs_202,,
1821,wtsbs_203,,
1822,wtsbs_204,,
1823,wtsbs_205,,
1824,wtsbs_206,,
1825,wtsbs_207,,
1826,wtsbs_208,,
1827,wtsbs_209,,
1828,wtsbs_210,,
1829,wtsbs_211,,
1830,wtsbs_212,,
1831,wtsbs_213,,
1832,wtsbs_214,,
1833,wtsbs_215,,
1834,wtsbs_216,,
1835,wtsbs_217,,
1836,wtsbs_218,,
1837,wtsbs_219,,
1838,wtsbs_220,,
1839,wtsbs_221,,
1840,wtsbs_222,,
1841,wtsbs_223,,
1842,wtsbs_224,,
1843,wtsbs_225,,
1844,wtsbs_226,,
1845,wtsbs_227,,
1846,wtsbs_228,,
1847,wtsbs_229,,
1848,wtsbs_230,,
1849,wtsbs_231,,
1850,wtsbs_232,,
1851,wtsbs_233,,
1852,wtsbs_234,,
1853,wtsbs_235,,
1854,wtsbs_236,,
1855,wtsbs_237,,
1856,wtsbs_238,,
1857,wtsbs_239,,
1858,wtsbs_240,,
1859,wtsbs_241,,
1860,wtsbs_242,,
1861,wtsbs_243,,
1862,wtsbs_244,,
1863,wtsbs_245,,
1864,wtsbs_246,,
1865,wtsbs_247,,
1866,wtsbs_248,,
1867,wtsbs_249,,
1868,wtsbs_250,,
1869,wtsbs_251,,
1870,wtsbs_252,,
1871,wtsbs_253,,
1872,wtsbs_254,,
1873,wtsbs_255,,
1874,wtsbs_256,,
1875,wtsbs_257,,
1876,wtsbs_258,,
1877,wtsbs_259,,
1878,wtsbs_260,,
1879,wtsbs_261,,
1880,wtsbs_262,,
1881,wtsbs_263,,
1882,wtsbs_264,,
1883,wtsbs_265,,
1884,wtsbs_266,,
1885,wtsbs_267,,
1886,wtsbs_268,,
1887,wtsbs_269,,
1888,wtsbs_270,,
1889,wtsbs_271,,
1890,wtsbs_272,,
1891,wtsbs_273,,
1892,wtsbs_274,,
1893,wtsbs_275,,
1894,wtsbs_276,,
1895,wtsbs_277,,
1896,wtsbs_278,,
1897,wtsbs_279,,
1898,wtsbs_280,,
1899,wtsbs_281,,
1900,wtsbs_282,,
1901,wtsbs_283,,
1902,wtsbs_284,,
1903,wtsbs_285,,
1904,wtsbs_286,,
1905,wtsbs_287,,
1906,wtsbs_288,,
1907,wtsbs_289,,
1908,wtsbs_290,,
1909,wtsbs_291,,
1910,wtsbs_292,,
1911,wtsbs_293,,
1912,wtsbs_294,,
1913,wtsbs_295,,
1914,wtsbs_296,,
1915,wtsbs_297,,
1916,wtsbs_298,,
1917,wtsbs_299,,
1918,wtsbs_300,,
1919,wtsbs_301,,
1920,wtsbs_302,,
1921,wtsbs_303,,
1922,wtsbs_304,,
1923,wtsbs_305,,
1924,wtsbs_306,,
1925,wtsbs_307,,
1926,wtsbs_308,,
1927,wtsbs_309,,
1928,wtsbs_310,,
1929,wtsbs_311,,
1930,wtsbs_312,,
1931,wtsbs_313,,
1932,wtsbs_314,,
1933,wtsbs_315,,
1934,wtsbs_316,,
1935,wtsbs_317,,
1936,wtsbs_318,,
1937,wtsbs_319,,
1938,wtsbs_320,,
1939,wtsbs_321,,
1940,wtsbs_322,,
1941,wtsbs_323,,
1942,wtsbs_324,,
1943,wtsbs_325,,
1944,wtsbs_326,,
1945,wtsbs_327,,
1946,wtsbs_328,,
1947,wtsbs_329,,
1948,wtsbs_330,,
1949,wtsbs_331,,
1950,wtsbs_332,,
1951,wtsbs_333,,
1952,wtsbs_334,,
1953,wtsbs_335,,
1954,wtsbs_336,,
1955,wtsbs_337,,
1956,wtsbs_338,,
1957,wtsbs_339,,
1958,wtsbs_340,,
1959,wtsbs_341,,
1960,wtsbs_342,,
1961,wtsbs_343,,
1962,wtsbs_344,,
1963,wtsbs_345,,
1964,wtsbs_346,,
1965,wtsbs_347,,
1966,wtsbs_348,,
1967,wtsbs_349,,
1968,wtsbs_350,,
1969,wtsbs_351,,
1970,wtsbs_352,,
1971,wtsbs_353,,
1972,wtsbs_354,,
1973,wtsbs_355,,
1974,wtsbs_356,,
1975,wtsbs_357,,
1976,wtsbs_358,,
1977,wtsbs_359,,
1978,wtsbs_360,,
1979,wtsbs_361,,
1980,wtsbs_362,,
1981,wtsbs_363,,
1982,wtsbs_364,,
1983,wtsbs_365,,
1984,wtsbs_366,,
1985,wtsbs_367,,
1986,wtsbs_368,,
1987,wtsbs_369,,
1988,wtsbs_370,,
1989,wtsbs_371,,
1990,wtsbs_372,,
1991,wtsbs_373,,
1992,wtsbs_374,,
1993,wtsbs_375,,
1994,wtsbs_376,,
1995,wtsbs_377,,
1996,wtsbs_378,,
1997,wtsbs_379,,
1998,wtsbs_380,,
1999,wtsbs_381,,
2000,wtsbs_382,,
2001,wtsbs_383,,
2002,wtsbs_384,,
2003,wtsbs_385,,
2004,wtsbs_386,,
2005,wtsbs_387,,
2006,wtsbs_388,,
2007,wtsbs_389,,
2008,wtsbs_390,,
2009,wtsbs_391,,
2010,wtsbs_392,,
2011,wtsbs_393,,
2012,wtsbs_394,,
2013,wtsbs_395,,
2014,wtsbs_396,,
2015,wtsbs_397,,
2016,wtsbs_398,,
2017,wtsbs_399,,
2018,wtsbs_400,,
2019,wtsbs_401,,
2020,wtsbs_402,,
2021,wtsbs_403,,
2022,wtsbs_404,,
2023,wtsbs_405,,
2024,wtsbs_406,,
2025,wtsbs_407,,
2026,wtsbs_408,,
2027,wtsbs_409,,
2028,wtsbs_410,,
2029,wtsbs_411,,
2030,wtsbs_412,,
2031,wtsbs_413,,
2032,wtsbs_414,,
2033,wtsbs_415,,
2034,wtsbs_416,,
2035,wtsbs_417,,
2036,wtsbs_418,,
2037,wtsbs_419,,
2038,wtsbs_420,,
2039,wtsbs_421,,
2040,wtsbs_422,,
2041,wtsbs_423,,
2042,wtsbs_424,,
2043,wtsbs_425,,
2044,wtsbs_426,,
2045,wtsbs_427,,
2046,wtsbs_428,,
2047,wtsbs_429,,
2048,wtsbs_430,,
2049,wtsbs_431,,
2050,wtsbs_432,,
2051,wtsbs_433,,
2052,wtsbs_434,,
2053,wtsbs_435,,
2054,wtsbs_436,,
2055,wtsbs_437,,
2056,wtsbs_438,,
2057,wtsbs_439,,
2058,wtsbs_440,,
2059,wtsbs_441,,
2060,wtsbs_442,,
2061,wtsbs_443,,
2062,wtsbs_444,,
2063,wtsbs_445,,
2064,wtsbs_446,,
2065,wtsbs_447,,
2066,wtsbs_448,,
2067,wtsbs_449,,
2068,wtsbs_450,,
2069,wtsbs_451,,
2070,wtsbs_452,,
2071,wtsbs_453,,
2072,wtsbs_454,,
2073,wtsbs_455,,
2074,wtsbs_456,,
2075,wtsbs_457,,
2076,wtsbs_458,,
2077,wtsbs_459,,
2078,wtsbs_460,,
2079,wtsbs_461,,
2080,wtsbs_462,,
2081,wtsbs_463,,
2082,wtsbs_464,,
2083,wtsbs_465,,
2084,wtsbs_466,,
2085,wtsbs_467,,
2086,wtsbs_468,,
2087,wtsbs_469,,
2088,wtsbs_470,,
2089,wtsbs_471,,
2090,wtsbs_472,,
2091,wtsbs_473,,
2092,wtsbs_474,,
2093,wtsbs_475,,
2094,wtsbs_476,,
2095,wtsbs_477,,
2096,wtsbs_478,,
2097,wtsbs_479,,
2098,wtsbs_480,,
2099,wtsbs_481,,
2100,wtsbs_482,,
2101,wtsbs_483,,
2102,wtsbs_484,,
2103,wtsbs_485,,
2104,wtsbs_486,,
2105,wtsbs_487,,
2106,wtsbs_488,,
2107,wtsbs_489,,
2108,wtsbs_490,,
2109,wtsbs_491,,
2110,wtsbs_492,,
2111,wtsbs_493,,
2112,wtsbs_494,,
2113,wtsbs_495,,
2114,wtsbs_496,,
2115,wtsbs_497,,
2116,wtsbs_498,,
2117,wtsbs_499,,
2118,wtsbs_500,,
2119,MAP_SPLITSHIFT_HRS,,
2120,MAP_REGULAR_HRS,,
2121,AGE_LSTPDWKC,,
2122,DURLOC01,,
2123,DURLOC02,,
2124,DURLOC03,,
2125,DURLOC04,,
2126,DURLOC05,,
2127,DURLOC06,,
2128,DURLOC07,,
2129,DURLOC08,,
2130,DURLOC09,,
2131,DURLOC10,,
2132,DURLOC11,,
2133,DURLOC12,,
2134,DURLOC13,,
2135,DURLOC14,,
2136,DURLOC15,,
2137,DURLOC16,,
2138,DURLOC17,,
2139,DURLOC18,,
2140,DURLOC19,,
2141,DURLOC20,,
2142,DURLOC21,,
2143,DURLOC97,,
2144,DURLOC98,,
2145,DURLOC99,,
2146,DURSOC01,,
2147,DURSOC02,,
2148,DURSOC03,,
2149,DURSOC04,,
2150,DURSOC05,,
2151,DURSOC06,,
2152,DURSOC07,,
2153,DURSOC08,,
2154,DURSOC09,,
2155,DURSOC10,,
2156,DURSOC11,,
2157,DURSOC97,,
2158,DURSOC98,,
2159,DURSOC99,,
2160,DUR002,,
2161,DUR011,,
2162,DUR012,,
2163,DUR021,,
2164,DUR022,,
2165,DUR023,,
2166,DUR030,,
2167,DUR040,,
2168,DUR050,,
2169,DUR060,,
2170,DUR070,,
2171,DUR080,,
2172,DUR090,,
2173,DUR101,,
2174,DUR102,,
2175,DUR110,,
2176,DUR120,,
2177,DUR130,,
2178,DUR140,,
2179,DUR151,,
2180,DUR152,,
2181,DUR161,,
2182,DUR162,,
2183,DUR163,,
2184,DUR164,,
2185,DUR171,,
2186,DUR172,,
2187,DUR173,,
2188,DUR181,,
2189,DUR182,,
2190,DUR183,,
2191,DUR184,,
2192,DUR185,,
2193,DUR186,,
2194,DUR190,,
2195,DUR200,,
2196,DUR211,,
2197,DUR212,,
2198,DUR213,,
2199,DUR220,,
2200,DUR230,,
2201,DUR240,,
2202,DUR250,,
2203,DUR260,,
2204,DUR271,,
2205,DUR272,,
2206,DUR281,,
2207,DUR282,,
2208,DUR291,,
2209,DUR292,,
2210,DUR301,,
2211,DUR302,,
2212,DUR303,,
2213,DUR304,,
2214,DUR310,,
2215,DUR320,,
2216,DUR331,,
2217,DUR332,,
2218,DUR340,,
2219,DUR350,,
2220,DUR361,,
2221,DUR362,,
2222,DUR370,,
2223,DUR380,,
2224,DUR390,,
2225,DUR400,,
2226,DUR410,,
2227,DUR411,,
2228,DUR430,,
2229,DUR431,,
2230,DUR440,,
2231,DUR450,,
2232,DUR460,,
2233,DUR470,,
2234,DUR480,,
2235,DUR491,,
2236,DUR492,,
2237,DUR500,,
2238,DUR511,,
2239,DUR512,,
2240,DUR520,,
2241,DUR530,,
2242,DUR540,,
2243,DUR550,,
2244,DUR560,,
2245,DUR580,,
2246,DUR590,,
2247,DUR600,,
2248,DUR610,,
2249,DUR620,,
2250,DUR630,,
2251,DUR640,,
2252,DUR642,,
2253,DUR651,,
2254,DUR652,,
2255,DUR660,,
2256,DUR661,,
2257,DUR671,,
2258,DUR672,,
2259,DUR673,,
2260,DUR674,,
2261,DUR675,,
2262,DUR676,,
2263,DUR677,,
2264,DUR678,,
2265,DUR680,,
2266,DUR691,,
2267,DUR692,,
2268,DUR701,,
2269,DUR702,,
2270,DUR711,,
2271,DUR712,,
2272,DUR713,,
2273,DUR720,,
2274,DUR730,,
2275,DUR741,,
2276,DUR742,,
2277,DUR743,,
2278,DUR751,,
2279,DUR752,,
2280,DUR753,,
2281,DUR754,,
2282,DUR760,,
2283,DUR770,,
2284,DUR780,,
2285,DUR791,,
2286,DUR792,,
2287,DUR793,,
2288,DUR800,,
2289,DUR801,,
2290,DUR802,,
2291,DUR803,,
2292,DUR804,,
2293,DUR805,,
2294,DUR806,,
2295,DUR807,,
2296,DUR808,,
2297,DUR809,,
2298,DUR810,,
2299,DUR811,,
2300,DUR812,,
2301,DUR813,,
2302,DUR814,,
2303,DUR815,,
2304,DUR816,,
2305,DUR821,,
2306,DUR822,,
2307,DUR831,,
2308,DUR832,,
2309,DUR841,,
2310,DUR842,,
2311,DUR850,,
2312,DUR861,,
2313,DUR862,,
2314,DUR863,,
2315,DUR864,,
2316,DUR865,,
2317,DUR866,,
2318,DUR867,,
2319,DUR871,,
2320,DUR872,,
2321,DUR873,,
2322,DUR880,,
2323,DUR891,,
2324,DUR892,,
2325,DUR893,,
2326,DUR894,,
2327,DUR900,,
2328,DUR911,,
2329,DUR912,,
2330,DUR913,,
2331,DUR914,,
2332,DUR920,,
2333,DUR931,,
2334,DUR932,,
2335,DUR940,,
2336,DUR950,,
2337,DUR951,,
2338,DUR961,,
2339,DUR962,,
2340,DUR980,,
2341,DUR990,,
2342,EPI002,,
2343,EPI011,,
2344,EPI012,,
2345,EPI021,,
2346,EPI022,,
2347,EPI023,,
2348,EPI030,,
2349,EPI040,,
2350,EPI050,,
2351,EPI060,,
2352,EPI070,,
2353,EPI080,,
2354,EPI090,,
2355,EPI101,,
2356,EPI102,,
2357,EPI110,,
2358,EPI120,,
2359,EPI130,,
2360,EPI140,,
2361,EPI151,,
2362,EPI152,,
2363,EPI161,,
2364,EPI162,,
2365,EPI163,,
2366,EPI164,,
2367,EPI171,,
2368,EPI172,,
2369,EPI173,,
2370,EPI181,,
2371,EPI182,,
2372,EPI183,,
2373,EPI184,,
2374,EPI185,,
2375,EPI186,,
2376,EPI190,,
2377,EPI200,,
2378,EPI211,,
2379,EPI212,,
2380,EPI213,,
2381,EPI220,,
2382,EPI230,,
2383,EPI240,,
2384,EPI250,,
2385,EPI260,,
2386,EPI271,,
2387,EPI272,,
2388,EPI281,,
2389,EPI282,,
2390,EPI291,,
2391,EPI292,,
2392,EPI301,,
2393,EPI302,,
2394,EPI303,,
2395,EPI304,,
2396,EPI310,,
2397,EPI320,,
2398,EPI331,,
2399,EPI332,,
2400,EPI340,,
2401,EPI350,,
2402,EPI361,,
2403,EPI362,,
2404,EPI370,,
2405,EPI380,,
2406,EPI390,,
2407,EPI400,,
2408,EPI410,,
2409,EPI411,,
2410,EPI430,,
2411,EPI431,,
2412,EPI440,,
2413,EPI450,,
2414,EPI460,,
2415,EPI470,,
2416,EPI480,,
2417,EPI491,,
2418,EPI492,,
2419,EPI500,,
2420,EPI511,,
2421,EPI512,,
2422,EPI520,,
2423,EPI530,,
2424,EPI540,,
2425,EPI550,,
2426,EPI560,,
2427,EPI580,,
2428,EPI590,,
2429,EPI600,,
2430,EPI610,,
2431,EPI620,,
2432,EPI630,,
2433,EPI640,,
2434,EPI642,,
2435,EPI651,,
2436,EPI652,,
2437,EPI660,,
2438,EPI661,,
2439,EPI671,,
2440,EPI672,,
2441,EPI673,,
2442,EPI674,,
2443,EPI675,,
2444,EPI676,,
2445,EPI677,,
2446,EPI678,,
2447,EPI680,,
2448,EPI691,,
2449,EPI692,,
2450,EPI701,,
2451,EPI702,,
2452,EPI711,,
2453,EPI712,,
2454,EPI713,,
2455,EPI720,,
2456,EPI730,,
2457,EPI741,,
2458,EPI742,,
2459,EPI743,,
2460,EPI751,,
2461,EPI752,,
2462,EPI753,,
2463,EPI754,,
2464,EPI760,,
2465,EPI770,,
2466,EPI780,,
2467,EPI791,,
2468,EPI792,,
2469,EPI793,,
2470,EPI800,,
2471,EPI801,,
2472,EPI802,,
2473,EPI803,,
2474,EPI804,,
2475,EPI805,,
2476,EPI806,,
2477,EPI807,,
2478,EPI808,,
2479,EPI809,,
2480,EPI810,,
2481,EPI811,,
2482,EPI812,,
2483,EPI813,,
2484,EPI814,,
2485,EPI815,,
2486,EPI816,,
2487,EPI821,,
2488,EPI822,,
2489,EPI831,,
2490,EPI832,,
2491,EPI841,,
2492,EPI842,,
2493,EPI850,,
2494,EPI861,,
2495,EPI862,,
2496,EPI863,,
2497,EPI864,,
2498,EPI865,,
2499,EPI866,,
2500,EPI867,,
2501,EPI871,,
2502,EPI872,,
2503,EPI873,,
2504,EPI880,,
2505,EPI891,,
2506,EPI892,,
2507,EPI893,,
2508,EPI894,,
2509,EPI900,,
2510,EPI911,,
2511,EPI912,,
2512,EPI913,,
2513,EPI914,,
2514,EPI920,,
2515,EPI931,,
2516,EPI932,,
2517,EPI940,,
2518,EPI950,,
2519,EPI951,,
2520,EPI961,,
2521,EPI962,,
2522,EPI980,,
2523,EPI990,,
2524,DURMEIN,,
2525,DURMEOUT,,
2526,ENJOYDU,,
2527,CDI_Q115_Q125,,
2528,MAR_Q370_C,,
2529,MAR_Q174_C,,
2530,I,,
